Tokyo,35.6897,139.6922,Japan
Jakarta,-6.2146,106.8451,Indonesia
Delhi,28.66,77.23,India
Mumbai,18.9667,72.8333,India
Manila,14.5958,120.9772,Philippines
Shanghai,31.1667,121.4667,China
Sao Paulo,-23.5504,-46.6339,Brazil
Seoul,37.5833,127,"Korea, South"
Mexico City,19.4333,-99.1333,Mexico
Guangzhou,23.1288,113.259,China
Beijing,39.905,116.3914,China
Cairo,30.0561,31.2394,Egypt
New York,40.6943,-73.9249,United States
Kolkata,22.5411,88.3378,India
Moscow,55.7558,37.6178,Russia
Bangkok,13.75,100.5167,Thailand
Buenos Aires,-34.5997,-58.3819,Argentina
Shenzhen,22.535,114.054,China
Dhaka,23.7161,90.3961,Bangladesh
Lagos,6.45,3.4,Nigeria
Istanbul,41.01,28.9603,Turkey
Osaka,34.6936,135.5019,Japan
Karachi,24.86,67.01,Pakistan
Bangalore,12.9699,77.598,India
Tehran,35.7,51.4167,Iran
Kinshasa,-4.3317,15.3139,Congo (Kinshasa)
Ho Chi Minh City,10.8167,106.6333,Vietnam
Los Angeles,34.1139,-118.4068,United States
Rio de Janeiro,-22.9083,-43.1964,Brazil
Nanyang,32.9987,112.5292,China
Chennai,13.0825,80.275,India
Chengdu,30.6636,104.0667,China
Lahore,31.5497,74.3436,Pakistan
Paris,48.8566,2.3522,France
London,51.5072,-0.1275,United Kingdom
Linyi,35.0606,118.3425,China
Tianjin,39.1467,117.2056,China
Shijiazhuang,38.0422,114.5086,China
Baoding,38.8671,115.4845,China
Zhoukou,33.625,114.6418,China
Lima,-12.05,-77.0333,Peru
Hyderabad,17.3667,78.4667,India
Bogota,4.6126,-74.0705,Colombia
Weifang,36.7167,119.1,China
Nagoya,35.1167,136.9333,Japan
Wuhan,30.5872,114.2881,China
Heze,35.2333,115.4333,China
Ganzhou,25.8292,114.9336,China
Tongshan,34.261,117.1859,China
Chicago,41.8373,-87.6862,United States
Handan,36.6116,114.4894,China
Luanda,-8.8383,13.2344,Angola
Fuyang,32.8986,115.8045,China
Kuala Lumpur,3.1478,101.6953,Malaysia
Jining,35.4,116.5667,China
Dongguan,23.0475,113.7493,China
Hanoi,21.0245,105.8412,Vietnam
Pune,18.5196,73.8553,India
Chongqing,29.55,106.5069,China
Changchun,43.9,125.2,China
Zhumadian,32.9773,114.0253,China
Ningbo,29.875,121.5492,China
Onitsha,6.1667,6.7833,Nigeria
Nanjing,32.05,118.7667,China
Hefei,31.8639,117.2808,China
Ahmadabad,23.03,72.58,India
Hong Kong,22.305,114.185,Hong Kong
Khartoum,15.6031,32.5265,Sudan
Nantong,31.9829,120.8873,China
Yancheng,33.3936,120.1339,China
Foshan,23.0292,113.1056,China
Nanning,22.8192,108.315,China
Hengyang,26.8968,112.5857,China
Xi'an,34.2667,108.9,China
Shenyang,41.8039,123.4258,China
Tangshan,39.6292,118.1742,China
Shaoyang,27.2418,111.4725,China
Changsha,28.1987,112.9709,China
Santiago,-33.45,-70.6667,Chile
Zhengzhou,34.7492,113.6605,China
Zhanjiang,21.1967,110.4031,China
Riyadh,24.65,46.71,Saudi Arabia
Cangzhou,38.3037,116.8452,China
Dar es Salaam,-6.8,39.2833,Tanzania
Maoming,21.6618,110.9178,China
Huanggang,30.45,114.875,China
Xinyang,32.1264,114.0672,China
Shangrao,28.4419,117.9633,China
Luoyang,34.6587,112.4245,China
Bijie,27.3019,105.2863,China
Yantai,37.3997,121.2664,China
Quanzhou,24.9139,118.5858,China
Hangzhou,30.25,120.1675,China
Miami,25.7839,-80.2102,United States
Kunming,25.0433,102.7061,China
Nanchong,30.7991,106.0784,China
Zunyi,27.705,106.9336,China
Lu'an,31.7542,116.5078,China
Yichun,27.8041,114.383,China
Taizhou,28.6583,121.4221,China
Liaocheng,36.45,115.9833,China
Qujing,25.5102,103.8029,China
Xiangyang,32.0654,112.1531,China
Surat,21.17,72.83,India
Baghdad,33.35,44.4167,Iraq
Qingdao,36.1167,120.4,China
Singapore,1.3,103.8,Singapore
Dallas,32.7936,-96.7662,United States
Changde,29.0397,111.6839,China
Dazhou,31.2152,107.4947,China
Suzhou,33.6333,116.9683,China
Philadelphia,40.0077,-75.1339,United States
Jieyang,23.5533,116.3649,China
Nairobi,-1.2864,36.8172,Kenya
Nangandao,35.2992,113.8851,China
Ankara,39.93,32.85,Turkey
Tai'an,36.2001,117.0809,China
Yulin,22.6293,110.1507,China
Dezhou,37.4513,116.3105,China
Houston,29.7863,-95.3889,United States
Atlanta,33.7627,-84.4224,United States
Rangoon,16.8,96.15,Burma
Toronto,43.7417,-79.3733,Canada
Suihua,46.6384,126.9808,China
Washington,38.9047,-77.0163,United States
Qiqihar,47.3398,123.9512,China
Jinhua,29.1046,119.6494,China
Saint Petersburg,59.95,30.3167,Russia
Shantou,23.3735,116.6941,China
Sydney,-33.865,151.2094,Australia
Weinan,34.4996,109.4684,China
Suqian,33.9331,118.2831,China
Guadalajara,20.6767,-103.3475,Mexico
Suzhou,31.304,120.6164,China
Fuzhou,26.0769,119.2917,China
Zhaotong,27.3328,103.7144,China
Pudong,31.2231,121.5397,China
Yongzhou,26.4515,111.5953,China
Belo Horizonte,-19.8917,-43.9478,Brazil
Zhangzhou,24.5093,117.6612,China
Bozhou,33.8626,115.7742,China
Melbourne,-37.8136,144.9631,Australia
Nanchang,28.6842,115.8872,China
Xianyang,34.35,108.7167,China
Taizhou,32.4831,119.9,China
Surabaya,-7.2458,112.7378,Indonesia
Abidjan,5.3364,-4.0267,Côte D’Ivoire
Ji'an,27.1172,114.9793,China
Mianyang,31.4669,104.7385,China
Shaoxing,30,120.5833,China
Alexandria,31.2,29.9167,Egypt
Yuncheng,35.0304,110.998,China
Pingdingshan,33.735,113.2999,China
Huai'an,33.5,119.1331,China
Xinpu,34.5906,119.1801,China
Guilin,25.2667,110.2833,China
Huaihua,27.5494,109.9592,China
Jiujiang,29.7048,116.0021,China
Anqing,30.5,117.0333,China
Boston,42.3188,-71.0846,United States
Huanglongsi,34.7936,114.3403,China
Xiaoganzhan,30.9273,113.911,China
Changzhou,31.8122,119.9692,China
Barcelona,41.3825,2.1769,Spain
Chenzhou,25.7989,113.0267,China
Wuxi,31.5667,120.2833,China
Zibo,36.7831,118.0497,China
Jiaxing,30.7522,120.75,China
Dalian,38.9131,121.61,China
Harbin,45.75,126.6333,China
Yangzhou,32.3912,119.4363,China
Yibin,28.7596,104.64,China
Jiangmen,22.5833,113.0833,China
Johannesburg,-26.2044,28.0416,South Africa
Meizhou,24.2998,116.1191,China
Chifeng,42.2663,118.9223,China
Casablanca,33.5992,-7.62,Morocco
Guiyang,26.5794,106.7078,China
Langfang,39.5196,116.7006,China
Zhangjiakou,40.8108,114.8811,China
Izmir,38.4127,27.1384,Turkey
Linfen,36.0812,111.5087,China
Wenzhou,27.9991,120.6561,China
Monterrey,25.6667,-100.3,Mexico
Luzhou,28.8918,105.4409,China
Jiangguanchi,34.0244,113.8201,China
Neijiang,29.5872,105.0635,China
Phoenix,33.5722,-112.0891,United States
Yanjiang,30.1256,104.6397,China
Yiyang,28.5833,112.3333,China
Zhaoqing,23.047,112.465,China
Hengshui,37.7348,115.686,China
Guigang,23.0961,109.6092,China
Xiaoxita,30.7083,111.2803,China
Xiamen,24.4797,118.0819,China
Chuzhou,32.3062,118.3115,China
Fuzhou,27.9814,116.3577,China
Amman,31.95,35.9333,Jordan
Jeddah,21.5428,39.1728,Saudi Arabia
Sialkot City,32.5,74.5333,Pakistan
Huizhou,23.1115,114.4152,China
Qingyuan,23.6842,113.0507,China
Zhuzhou,27.8407,113.1469,China
Wuhu,31.334,118.3622,China
Hechi,23.0965,109.6091,China
Seattle,47.6211,-122.3244,United States
Loudi,27.7378,111.9974,China
Binzhou,37.3806,118.0125,China
Liuzhou,24.3181,109.4069,China
Yokohama,35.4333,139.6333,Japan
Baojishi,34.3609,107.1751,China
Guang'an,30.4673,106.6336,China
Hanzhong,33.0794,107.026,China
Kabul,34.5328,69.1658,Afghanistan
Zaozhuang,34.8667,117.55,China
Berlin,52.5167,13.3833,Germany
Anshan,41.1066,122.9895,China
Deyang,31.1289,104.395,China
Lanzhou,36.0617,103.8318,China
Chengde,40.9739,117.9322,China
San Francisco,37.7562,-122.443,United States
Puyang,35.7639,115.03,China
Suining,30.5098,105.5737,China
Jiaozuo,35.229,113.2304,China
Bengbu,32.9354,117.3531,China
Montreal,45.5089,-73.5617,Canada
Detroit,42.3834,-83.1024,United States
Baicheng,23.901,106.6194,China
Busan,35.1,129.0403,"Korea, South"
Algiers,36.7764,3.0586,Algeria
Qincheng,34.5809,105.7311,China
Taiyuan,37.8733,112.5425,China
Lucknow,26.847,80.947,India
Chaoyang,41.5757,120.4486,China
Hechi,24.6928,108.085,China
Leshan,29.5854,103.7575,China
Yulinshi,38.2655,109.7388,China
Siping,43.1715,124.3644,China
Madrid,40.4189,-3.6919,Spain
Jinan,36.6667,116.9833,China
Shiyan,32.6351,110.7755,China
Changzhi,36.1953,113.097,China
San Diego,32.8312,-117.1225,United States
Faisalabad,31.418,73.079,Pakistan
Santa Cruz,-17.7892,-63.1975,Bolivia
Bazhou,31.8576,106.7559,China
Zhongshan,22.5333,113.35,China
Zhenjiang,32.2109,119.4551,China
Urumqi,43.825,87.6,China
Tongliao,43.6172,122.264,China
Heyuan,23.7503,114.6923,China
Tongren,27.7233,109.1885,China
Qinzhou,21.95,108.6167,China
Jaipur,26.9167,75.8667,India
Xinzhou,38.4178,112.7233,China
Addis Ababa,9.0272,38.7369,Ethiopia
Giza,29.987,31.2118,Egypt
Meishan,30.0575,103.8381,China
Brasilia,-15.7744,-48.0773,Brazil
Mashhad,36.3069,59.6042,Iran
Jinzhou,41.1144,121.1292,China
Tieling,42.2841,123.8365,China
Shaoguan,24.8011,113.5927,China
Shanwei,22.7664,115.3331,China
Minneapolis,44.9635,-93.2678,United States
Kyiv,50.45,30.5236,Ukraine
Sanaa,15.35,44.2,Yemen
Quezon City,14.6333,121.0333,Philippines
Dingxi,35.5806,104.6263,China
Salvador,-12.9708,-38.5108,Brazil
Incheon,37.4639,126.6486,"Korea, South"
Bursa,40.1833,29.0667,Turkey
Ningde,26.6667,119.5167,China
Tampa,27.9942,-82.4451,United States
Daqing,46.5979,125.008,China
Birmingham,52.48,-1.9025,United Kingdom
Putian,25.4394,119.0103,China
Huzhou,30.8695,120.0958,China
Wuzhou,23.4833,111.3167,China
Denver,39.7621,-104.8759,United States
Rome,41.8931,12.4828,Italy
La Paz,-16.4942,-68.1475,Bolivia
Pyongyang,39.03,125.73,"Korea, North"
Kano,12,8.5167,Nigeria
Taichung,24.15,120.6667,Taiwan
Omdurman,15.6835,32.4629,Sudan
Zigong,29.3498,104.7645,China
Qinhuangdao,39.9398,119.5881,China
Mudanjiang,44.5861,129.5997,China
Huludao,40.7094,120.8378,China
Kaohsiung,22.6167,120.3,Taiwan
Xiangtan,27.8431,112.9228,China
Guayaquil,-2.1833,-79.8833,Ecuador
Rizhao,35.4164,119.4331,China
Manchester,53.4794,-2.2453,United Kingdom
Cawnpore,26.4725,80.3311,India
Baotou,40.6562,109.8345,China
Taipei,25.0478,121.5319,Taiwan
Nanping,26.6448,118.1728,China
Longyan,25.0881,117.0244,China
Ibadan,7.3964,3.9167,Nigeria
Hohhot,40.8151,111.6629,China
Chaozhou,23.67,116.63,China
Antananarivo,-18.9386,47.5214,Madagascar
Longba,33.535,105.349,China
Weihai,37.5,122.1,China
Chattogram,22.335,91.8325,Bangladesh
Santo Domingo,18.4764,-69.8933,Dominican Republic
Xuanzhou,30.9475,118.7518,China
Sanming,26.2658,117.6302,China
Brooklyn,40.6501,-73.9496,United States
Medellin,6.2447,-75.5748,Colombia
Brisbane,-27.4678,153.0281,Australia
Baoshan,25.1211,99.169,China
Dubai,25.2697,55.3094,United Arab Emirates
Luohe,33.583,114.0109,China
Qinbaling,35.7278,107.64,China
Mirzapur,25.15,82.58,India
Guangyuan,32.4353,105.8398,China
Cali,3.44,-76.5197,Colombia
Daegu,35.8667,128.6,"Korea, South"
Fortaleza,-3.7275,-38.5275,Brazil
Guatemala City,14.6099,-90.5252,Guatemala
Yaounde,3.8578,11.5181,Cameroon
Douala,4.05,9.7,Cameroon
Jilin,43.85,126.55,China
Lianshan,40.7503,120.83,China
Lincang,23.8864,100.0871,China
Antalya,36.9081,30.6956,Turkey
Tashkent,41.3,69.2667,Uzbekistan
Huangshi,30.2018,115.0326,China
Bandung,-6.95,107.5667,Indonesia
Nagpur,21.1539,79.0831,India
Dandong,40.1167,124.3833,China
Huainan,32.4831,117.0164,China
Shangzhou,33.868,109.9244,China
Bekasi,-6.2333,107,Indonesia
Ghaziabad,28.6667,77.4167,India
Tijuana,32.525,-117.0333,Mexico
Jiamusi,46.8081,130.3653,China
Yangjiang,21.8556,111.9627,China
Accra,5.6037,-0.187,Ghana
Yuxi,24.3495,102.5432,China
Fushun,41.8708,123.8917,China
Anshun,26.2456,105.934,China
Vancouver,49.25,-123.1,Canada
Tangerang,-6.1783,106.6319,Indonesia
Konya,37.8714,32.4847,Turkey
Queens,40.7498,-73.7976,United States
Yingkou,40.6653,122.2297,China
Adana,37,35.325,Turkey
Medan,3.6667,98.6667,Indonesia
Sanmenxia,34.7736,111.195,China
Indore,22.7206,75.8472,India
Ma'anshan,31.7135,118.3605,China
Pingliang,35.5412,106.6819,China
Quzhou,28.9545,118.8763,China
Baku,40.3667,49.8352,Azerbaijan
Gaoping,30.7804,106.13,China
Huaibei,33.9562,116.789,China
Xining,36.6239,101.7787,China
Yan'an,36.5952,109.4863,China
Havana,23.1367,-82.3589,Cuba
Phnom Penh,11.5696,104.921,Cambodia
Fukuoka,33.5903,130.4019,Japan
Mogadishu,2.0408,45.3425,Somalia
Jincheng,35.4906,112.8483,China
Lishui,28.45,119.9167,China
Qingyang,24.8141,118.5792,China
Riverside,33.9381,-117.3948,United States
Baltimore,39.3051,-76.6144,United States
Haiphong,20.8,106.6667,Vietnam
Las Vegas,36.2333,-115.2654,United States
Laibin,23.7333,109.2333,China
Rawalpindi,33.6007,73.0679,Pakistan
Kumasi,6.6833,-1.6167,Ghana
Portland,45.5372,-122.65,United States
Vadodara,22.3,73.2,India
Perth,-31.9522,115.8589,Australia
Puning,23.2993,116.1586,China
San Antonio,29.4658,-98.5253,United States
Haikou,20.02,110.32,China
Vishakhapatnam,17.7333,83.3167,India
Gaziantep,37.0667,37.3833,Turkey
Minsk,53.9022,27.5618,Belarus
St. Louis,38.6358,-90.2451,United States
Bamako,12.6458,-7.9922,Mali
Quito,-0.2186,-78.5097,Ecuador
Pingxiang,27.6333,113.85,China
Chongzuo,22.4167,107.3667,China
Sanliurfa,37.1583,38.7917,Turkey
Kananga,-5.897,22.4488,Congo (Kinshasa)
Peshawar,34,71.5,Pakistan
Sapporo,43.0621,141.3544,Japan
Jixi,45.2937,130.965,China
Caracas,10.5,-66.9333,Venezuela
Fuxin,42.0127,121.6486,China
Leeds,53.7997,-1.5492,United Kingdom
Sacramento,38.5667,-121.4683,United States
Blantyre,-15.7861,35.0058,Malawi
Tainan,22.9833,120.1833,Taiwan
Bucharest,44.4,26.0833,Romania
Wuwei,37.9278,102.6329,China
Bhopal,23.25,77.4167,India
Curitiba,-25.4297,-49.2719,Brazil
Xiping,40.08,113.3,China
Asuncion,-25.3,-57.6333,Paraguay
Saidu Sharif,34.75,72.3572,Pakistan
Vienna,48.2083,16.3731,Austria
Aleppo,36.2,37.15,Syria
Hamburg,53.55,10,Germany
Meru,0.05,37.65,Kenya
Brazzaville,-4.2667,15.2833,Congo (Brazzaville)
Orlando,28.4772,-81.3369,United States
Mersin,36.8,34.6167,Turkey
Almaty,43.25,76.9,Kazakhstan
Barranquilla,10.96,-74.8,Colombia
Kyoto,35.0111,135.7669,Japan
Manaus,-3.1,-60.0167,Brazil
Liaoyang,41.2643,123.1772,China
Baiyin,36.5448,104.1766,China
San Jose,37.3019,-121.8486,United States
Warsaw,52.2167,21.0333,Poland
Shengli,37.45,118.4667,China
Lubumbashi,-11.6697,27.4581,Congo (Kinshasa)
Damascus,33.5131,36.2919,Syria
Shuyangzha,34.1299,118.7734,China
Shangqiu,34.4504,115.65,China
Esfahan,32.6447,51.6675,Iran
Budapest,47.4983,19.0408,Hungary
Heihe,50.2458,127.4886,China
Lusaka,-15.4167,28.2833,Zambia
Diyarbakir,37.9108,40.2367,Turkey
Chinchvad,18.6278,73.8131,India
Shuozhou,39.3408,112.4292,China
Vitoria,-20.324,-40.366,Brazil
Cleveland,41.4767,-81.6804,United States
Pittsburgh,40.4396,-79.9762,United States
Mecca,21.4225,39.8261,Saudi Arabia
Patna,25.61,85.1414,India
Mosul,36.3667,43.1167,Iraq
Austin,30.3004,-97.7522,United States
Sanzhou,30.82,108.4,China
Conakry,9.5092,-13.7122,Guinea
Kampala,0.3136,32.5811,Uganda
Ecatepec,19.6097,-99.06,Mexico
Cincinnati,39.1413,-84.5061,United States
Makassar,-5.1331,119.4136,Indonesia
Yushan,31.3867,120.9766,China
Ludhiana,30.9083,75.8486,India
Newcastle,55.0077,-1.6578,United Kingdom
Depok,-6.394,106.8225,Indonesia
Zhongli,24.965,121.2168,Taiwan
Kansas City,39.1239,-94.5541,United States
Rabat,34.0253,-6.8361,Morocco
Ouagadougou,12.3572,-1.5353,Burkina Faso
Davao,7.0667,125.6,Philippines
Manhattan,40.7834,-73.9662,United States
Semarang,-6.9667,110.4167,Indonesia
Yinchuan,38.4795,106.2254,China
Multan,30.1978,71.4711,Pakistan
Caloocan City,14.65,120.9667,Philippines
Harare,-17.8292,31.0522,Zimbabwe
Novosibirsk,55.0333,82.9167,Russia
Chengtangcun,35.0833,117.15,China
Agra,27.18,78.02,India
Karaj,35.8327,50.9915,Iran
Indianapolis,39.7771,-86.1458,United States
Jingdezhen,29.2942,117.2036,China
Puebla,19.0333,-98.1833,Mexico
Kalyan,19.2502,73.1602,India
Madurai,9.9197,78.1194,India
Gujranwala,32.15,74.1833,Pakistan
Benxi,41.292,123.761,China
Jamshedpur,22.8,86.1833,India
Zhuhai,22.2769,113.5678,China
Recife,-8.0539,-34.8808,Brazil
Columbus,39.9862,-82.985,United States
Tabriz,38.0833,46.2833,Iran
Santiago,19.5,-70.67,Dominican Republic
Maracaibo,10.6333,-71.6333,Venezuela
Beihai,21.4667,109.1,China
Shuangyashan,46.6388,131.1545,China
Kobe,34.6913,135.183,Japan
Charlotte,35.208,-80.8304,United States
Yucheng,29.9888,103.0007,China
Changshu,31.65,120.7333,China
Ximeicun,24.9633,118.3811,China
Jianguang,28.1958,115.7833,China
Gwangju,35.1667,126.9167,"Korea, South"
Xushan,30.1697,121.2665,China
Guiping,23.4,110.0833,China
Nasik,20,73.7833,India
Porto Alegre,-30.0328,-51.23,Brazil
Zhangjiajie,29.1255,110.4844,China
Valencia,10.1667,-68,Venezuela
Virginia Beach,36.7335,-76.0435,United States
Daejeon,36.351,127.385,"Korea, South"
Munich,48.1372,11.5755,Germany
Yekaterinburg,56.8356,60.6128,Russia
Auckland,-36.85,174.7833,New Zealand
Yunfu,22.9242,112.0353,China
Huangshan,29.7132,118.3151,China
Huazhou,32.6832,112.079,China
Shiraz,29.61,52.5425,Iran
Leon de los Aldama,21.1167,-101.6833,Mexico
Pizhou,34.3422,118.0097,China
Palembang,-2.9833,104.7644,Indonesia
Kharkiv,50,36.2292,Ukraine
Kawanakajima,35.53,139.705,Japan
Lianjiang,21.6146,110.2794,China
Chizhou,30.6583,117.4849,China
Leizhou,20.9147,110.0806,China
Guyuan,36.008,106.2782,China
Rui'an,27.778,120.6526,China
Birstall,52.6736,-1.12,United Kingdom
Muscat,23.6139,58.5922,Oman
Hebi,35.7497,114.2887,China
Jingling,30.6667,113.1667,China
Bronx,40.8501,-73.8662,United States
The Hague,52.08,4.27,Netherlands
Owerri,5.4833,7.0333,Nigeria
Sharjah,25.3575,55.3919,United Arab Emirates
Faridabad,28.4333,77.3167,India
Ulaanbaatar,47.9203,106.9172,Mongolia
Goiania,-16.6789,-49.2539,Brazil
Belem,-1.4558,-48.5039,Brazil
Kayseri,38.7333,35.4833,Turkey
Yueqing,28.1188,120.9621,China
Belgrade,44.8167,20.4667,Serbia
Pingdu,36.7833,119.9556,China
Aurangabad,19.88,75.32,India
Yutan,28.3147,112.554,China
Wenling,28.3797,121.3718,China
Islamabad,33.6989,73.0369,Pakistan
Milwaukee,43.0642,-87.9673,United States
Milan,45.4669,9.19,Italy
Sofia,42.6975,23.3241,Bulgaria
Adelaide,-34.9289,138.6011,Australia
Samsun,41.2867,36.33,Turkey
Rajkot,22.2969,70.7984,India
Khulna,22.8167,89.55,Bangladesh
Cordoba,-31.4167,-64.1833,Argentina
Guarulhos,-23.4667,-46.5333,Brazil
Juarez,31.7386,-106.487,Mexico
Prague,50.0833,14.4167,Czechia
Montevideo,-34.8667,-56.1667,Uruguay
Mbuji-Mayi,-6.1209,23.5967,Congo (Kinshasa)
Fuqing,25.7232,119.3735,China
Xintai,35.91,117.78,China
Doha,25.3,51.5333,Qatar
Saitama,35.8617,139.6453,Japan
Hiroshima,34.3853,132.4553,Japan
Meerut,28.99,77.7,India
Yushu,44.8249,126.5451,China
Rongcheng,26.2312,104.0966,China
Yangquan,37.8576,113.5762,China
Haicheng,40.8523,122.7474,China
Gaozhou,21.9392,110.8461,China
Yingtan,28.2333,117,China
Huaiyin,33.58,119.03,China
Wuzhong,37.9874,106.1919,China
Jabalpur,23.1667,79.9333,India
Thane,19.18,72.9633,India
Zhangye,38.9355,100.4553,China
Rucheng,32.3852,120.5634,China
Nizhniy Novgorod,56.3269,44.0075,Russia
Comayaguela,14.0833,-87.2167,Honduras
Yangshe,31.8775,120.5512,China
Shaoyang,32.9387,119.8404,China
Dhanbad,23.7928,86.435,India
Yichun,47.7235,128.8893,China
Laiwu,36.1833,117.6667,China
Kazan,55.7908,49.1144,Russia
Dayan,26.8808,100.2208,China
Suwon,37.2858,127.01,"Korea, South"
Jiangyin,31.9087,120.2653,China
Yongcheng,33.9317,116.4459,China
Calgary,51.05,-114.0667,Canada
Can Tho,10.0333,105.7833,Vietnam
Abuja,9.0556,7.4914,Nigeria
Yiwu,29.3081,120.0698,China
Mandalay,21.9769,96.0869,Burma
Beidao,34.6,105.92,China
Al Basrah,30.4889,47.81,Iraq
Shuangshui,26.5944,104.8333,China
Sevilla,37.3828,-5.9731,Spain
Vila Velha,3.2167,-51.2167,Brazil
Allahabad,25.455,81.84,India
Varanasi,25.3189,83.0128,India
Tunis,36.8008,10.18,Tunisia
Chelyabinsk,55.15,61.4,Russia
Mombasa,-4.05,39.6667,Kenya
Providence,41.823,-71.4187,United States
Qom,34.6461,50.8789,Iran
Maiduguri,11.8333,13.15,Nigeria
Maputo,-25.9153,32.5764,Mozambique
Rosario,-32.9575,-60.6394,Argentina
Benin City,6.3176,5.6145,Nigeria
Xinyu,27.795,114.9242,China
Ahvaz,31.3203,48.6692,Iran
Dublin,53.3425,-6.2658,Ireland
Jacksonville,30.3322,-81.6749,United States
Medina,24.4667,39.6,Saudi Arabia
Srinagar,34.0911,74.8061,India
Omsk,54.9667,73.3833,Russia
Huazhou,21.654,110.6294,China
Cilacap,-7.7167,109.017,Indonesia
Xiantao,30.3833,113.4,China
Bandar Lampung,-5.4294,105.2625,Indonesia
Samara,53.1833,50.1167,Russia
Guankou,28.1417,113.625,China
Ulsan,35.55,129.3167,"Korea, South"
Dingzhou,38.5158,114.9845,China
Campinas,-22.9009,-47.0573,Brazil
Lianyuan,27.6961,111.6659,China
Rongcheng,29.8239,112.9019,China
Kaiyuan,36.0656,113.8153,China
Nay Pyi Taw,19.8028,96.1583,Burma
Dakar,14.7319,-17.4572,Senegal
Zhuji,29.7169,120.2314,China
Zapopan,20.7167,-103.4,Mexico
Leiyang,26.4179,112.8457,China
Dadukou,26.5849,101.7149,China
Quetta,30.192,67.007,Pakistan
Amritsar,31.6167,74.85,India
Callao,-12.0611,-77.1333,Peru
Aligarh,27.88,78.08,India
Yingchuan,34.1511,113.4733,China
Tegucigalpa,14.0942,-87.2067,Honduras
Ciudad Nezahualcoyotl,19.41,-99.03,Mexico
Tripoli,32.8752,13.1875,Libya
Rostov,47.2333,39.7167,Russia
Nezahualcoyotl,19.4,-98.9889,Mexico
Bhiwandi,19.3,73.0667,India
Zhoushan,30.0162,122.0988,China
Tbilisi,41.7225,44.7925,Georgia
Ufa,54.7333,55.9667,Russia
Fes,34.0433,-5.0033,Morocco
Bien Hoa,10.9575,106.8426,Vietnam
Mexicali,32.6633,-115.4678,Mexico
Gwalior,26.215,78.1931,India
Ankang,32.6877,109.0235,China
Ikare,7.5304,5.76,Nigeria
Hegang,47.3139,130.2775,China
Salt Lake City,40.7777,-111.9306,United States
Bhilai,21.2167,81.4333,India
Yuyao,30.0372,121.1546,China
N'Djamena,12.11,15.05,Chad
Hanchuan,30.652,113.8274,China
Gongzhuling,43.5036,124.8088,China
Copenhagen,55.6786,12.5635,Denmark
Irbid,32.5556,35.85,Jordan
Haora,22.59,88.31,India
Cologne,50.9422,6.9578,Germany
Krasnoyarsk,56.0167,92.8667,Russia
Yicheng,31.3697,119.8239,China
Mizhou,36,119.4167,China
Nashville,36.1715,-86.7843,United States
Yerevan,40.1814,44.5144,Armenia
Ranchi,23.3556,85.3347,India
Nur-Sultan,51.1333,71.4333,Kazakhstan
Nouakchott,18.0783,-15.9744,Mauritania
Vereeniging,-26.6736,27.9319,South Africa
Richmond,37.5295,-77.4756,United States
Sao Luis,-2.53,-44.3028,Brazil
San Pedro Sula,15.5,-88.0333,Honduras
Taixing,32.1724,120.0142,China
Memphis,35.1046,-89.9773,United States
Goyang,37.6564,126.835,"Korea, South"
Bezwada,16.5167,80.6167,India
Edmonton,53.5344,-113.4903,Canada
Xishan,27.6609,113.4946,China
Barquisimeto,10.0678,-69.3467,Venezuela
Sendai,38.2683,140.8694,Japan
Voronezh,51.6717,39.2106,Russia
Perm,58.0139,56.2489,Russia
Changwon,35.2281,128.6811,"Korea, South"
Zhongwei,37.5139,105.1884,China
Shouguang,36.8833,118.7333,China
Bogor,-6.6,106.8,Indonesia
Raleigh,35.8325,-78.6435,United States
Cartagena,10.4236,-75.5253,Colombia
Chandigarh,30.7353,76.7911,India
Bishkek,42.8667,74.5667,Kyrgyzstan
Amsterdam,52.35,4.9166,Netherlands
Matola,-25.9667,32.4667,Mozambique
Ogbomoso,8.1333,4.25,Nigeria
Ashgabat,37.95,58.3833,Turkmenistan
E'zhou,30.3972,114.8842,China
Maceio,-9.6658,-35.735,Brazil
Niamey,13.5086,2.1111,Niger
Managua,12.15,-86.2667,Nicaragua
Patam,1.0678,104.0167,Indonesia
Tekirdag,40.9833,27.5167,Turkey
Linhai,28.8523,121.1409,China
Shubra al Khaymah,30.1286,31.2422,Egypt
Monrovia,6.3106,-10.8047,Liberia
Wafangdian,39.6271,121.9972,China
Zhongxiang,31.169,112.5853,China
Shymkent,42.3,69.6,Kazakhstan
New Orleans,30.0687,-89.9288,United States
Volgograd,48.7,44.4833,Russia
Port-au-Prince,18.5425,-72.3386,Haiti
Mysore,12.3086,76.6531,India
Odesa,46.4775,30.7326,Ukraine
Kathmandu,27.7167,85.3667,Nepal
Raipur,21.2379,81.6337,India
Nice,43.7034,7.2663,France
Arequipa,-16.3988,-71.5369,Peru
Port Harcourt,4.75,7,Nigeria
Rotterdam,51.92,4.48,Netherlands
Louisville,38.1663,-85.6485,United States
Zaoyang,32.1287,112.7581,China
Shuizhai,33.4433,114.8994,China
Kota,25.18,75.83,India
Abu Dhabi,24.4781,54.3686,United Arab Emirates
Stockholm,59.3294,18.0686,Sweden
Ottawa,45.4247,-75.695,Canada
Asmara,15.3333,38.9167,Eritrea
Freetown,8.4833,-13.2331,Sierra Leone
Jerusalem,31.7833,35.2167,Israel
Panama City,9,-79.5,Panama
Lome,6.1319,1.2228,Togo
Libreville,0.3901,9.4544,Gabon
Zagreb,45.8,15.95,Croatia
Dushanbe,38.5731,68.7864,Tajikistan
Lilongwe,-13.9833,33.7833,Malawi
Cotonou,6.4,2.52,Benin
Vientiane,17.9667,102.6,Laos
Colombo,6.9167,79.8333,Sri Lanka
Kigali,-1.9536,30.0606,Rwanda
Pretoria,-25.7464,28.1881,South Africa
Bangui,4.3732,18.5628,Central African Republic
Winnipeg,49.8844,-97.1464,Canada
Quebec City,46.8139,-71.2081,Canada
Riga,56.9475,24.1069,Latvia
Oslo,59.9111,10.7528,Norway
Chisinau,47.0056,28.8575,Moldova
Athens,37.9794,23.7161,Greece
Bujumbura,-3.3825,29.3611,Burundi
Helsinki,60.1756,24.9342,Finland
Skopje,41.9833,21.4333,Macedonia
Kuwait City,29.375,47.98,Kuwait
Kingston,17.9714,-76.7931,Jamaica
Vilnius,54.6833,25.2833,Lithuania
San Salvador,13.6989,-89.1914,El Salvador
Djibouti,11.595,43.1481,Djibouti
Lisbon,38.7452,-9.1604,Portugal
Bareilly,28.364,79.415,India
Quang Ha,16.06,108.25,Vietnam
Kitaku,33.8704,130.82,Japan
Jodhpur,26.2918,73.0168,India
Xingcheng,24.1681,115.6669,China
Dongtai,32.8534,120.3037,China
Joinvile,-26.32,-48.8399,Brazil
Yingcheng,24.1876,113.4042,China
Dnipro,48.45,34.9833,Ukraine
Glasgow,55.8609,-4.2514,United Kingdom
Chiba,35.6,140.1,Japan
Danyang,31.9948,119.575,China
Natal,-6.9838,-60.2699,Brazil
Naples,40.8333,14.25,Italy
Zhaodong,46.0635,125.9773,China
Xibeijie,39.737,98.5049,China
Kirkuk,35.4667,44.4,Iraq
Huilong,31.8131,121.6574,China
Tongjin,37.2361,127.2011,"Korea, South"
Oklahoma City,35.4676,-97.5136,United States
Toulouse,43.6045,1.444,France
Denizli,37.7731,29.0878,Turkey
Dispur,26.15,91.77,India
Coimbatore,11,76.9667,India
Luocheng,22.7645,111.5745,China
Guwahati,26.1667,91.7667,India
Shima,24.4475,117.8118,China
Songnam,37.4386,127.1378,"Korea, South"
Solapur,17.6833,75.9167,India
Tangier,35.7847,-5.8125,Morocco
Anqiu,36.3619,119.1072,China
Feicheng,36.186,116.772,China
Taishan,22.2486,112.785,China
Meishan,34.1736,112.839,China
Kisangani,0.5153,25.1911,Congo (Kinshasa)
Khartoum North,15.6333,32.6333,Sudan
Aguascalientes,21.876,-102.296,Mexico
Marrakech,31.6295,-7.9811,Morocco
Nada,19.5,109.5833,China
Donetsk,48.0089,37.8042,Ukraine
Taihecun,45.768,131.0063,China
Wuchuan,21.4571,110.7659,China
Trujillo,-8.1119,-79.0289,Peru
Cebu City,10.3,123.9,Philippines
Taihe,30.8706,105.3784,China
Olinda,-8,-34.85,Brazil
Bridgeport,41.1918,-73.1953,United States
Trichinopoly,10.8269,78.6928,India
Xin'an,34.3662,118.3369,China
Padang,-0.9556,100.3606,Indonesia
Qingzhou,36.6967,118.4797,China
Buffalo,42.9016,-78.8487,United States
Xinyi,22.3559,110.9369,China
Lichuan,30.2965,108.9378,China
Daye,30.1003,114.9699,China
Fort Worth,32.7811,-97.3473,United States
Zhuanghe,39.6896,122.9664,China
Hartford,41.7661,-72.6834,United States
Ad Dammam,26.4333,50.1,Saudi Arabia
Bucheon,37.4989,126.7831,"Korea, South"
Lhasa,29.65,91.1,China
Homs,34.7333,36.7167,Syria
Jiaozhou,36.2481,119.9625,China
Merida,20.97,-89.62,Mexico
Dengtalu,36.08,114.35,China
Zaria,11.0667,7.7,Nigeria
Hubli,15.36,75.125,India
Abeokuta,7.15,3.35,Nigeria
Tucson,32.1545,-110.8782,United States
Krasnodar,45.0333,38.9833,Russia
Natal,-5.795,-35.2089,Brazil
Novo Hamburgo,-29.7096,-51.14,Brazil
Chihuahua,28.6353,-106.0889,Mexico
Klang,3.0333,101.45,Malaysia
Turin,45.0667,7.7,Italy
Jos,9.9333,8.8833,Nigeria
Laiyang,36.9758,120.7136,China
Jalandhar,31.3256,75.5792,India
Campo Grande,-20.4686,-54.6222,Brazil
Sale,34.05,-6.8167,Morocco
Barinas,8.6333,-70.2167,Venezuela
Marseille,43.2964,5.37,France
Kaifeng Chengguanzhen,34.85,114.35,China
Eskisehir,39.7767,30.5206,Turkey
Gaomi,36.3833,119.75,China
Ipoh,4.6,101.07,Malaysia
Hai'an,32.532,120.4604,China
Liverpool,53.4,-2.9833,United Kingdom
Zamboanga City,6.9167,122.0833,Philippines
Oran,35.6969,-0.6331,Algeria
Southampton,50.9,-1.4,United Kingdom
Weichanglu,37.1792,119.9333,China
Pekanbaru,0.5333,101.45,Indonesia
Portsmouth,50.8058,-1.0872,United Kingdom
Leping,28.9632,117.1203,China
Erbil,36.1911,44.0094,Iraq
Kermanshah,34.3167,47.0686,Iran
Hailun,47.4585,126.9632,China
Yangchun,22.1667,111.7833,China
Macheng,31.1817,115.0189,China
Ilorin,8.5,4.55,Nigeria
Teresina,-5.0949,-42.8042,Brazil
Omaha,41.2627,-96.0522,United States
Yuci,37.6804,112.73,China
Saratov,51.5333,46,Russia
Iguacu,-22.74,-43.47,Brazil
El Paso,31.8479,-106.4309,United States
Denpasar,-8.6667,115.2167,Indonesia
Dehui,44.5323,125.6965,China
Naucalpan de Juarez,19.4753,-99.2378,Mexico
Bhubaneshwar,20.2644,85.8281,India
Tongchuan,34.9057,108.9422,China
Cheongju,36.6372,127.4897,"Korea, South"
Warri,5.5167,5.75,Nigeria
Pointe-Noire,-4.7889,11.8653,Congo (Brazzaville)
Rongjiawan,29.3801,113.1,China
San Luis Potosi,22.1511,-100.9761,Mexico
Butterworth,5.3942,100.3664,Malaysia
Bhayandar,19.3,72.85,India
Renqiu,38.7094,116.1008,China
Toluca,19.2925,-99.6569,Mexico
Honolulu,21.3294,-157.846,United States
Queretaro,20.5875,-100.3928,Mexico
Xindi,29.8182,113.4653,China
Wu'an,36.6941,114.1847,China
Sao Bernardo do Campo,-23.6939,-46.565,Brazil
Hermosillo,29.0989,-110.9542,Mexico
Wutong,30.6326,120.5474,China
Taguig City,14.5167,121.05,Philippines
Saltillo,25.4333,-101,Mexico
Gaoyou,32.7847,119.4432,China
Hejian,38.4451,116.0897,China
Yiyang,26.4103,112.3913,China
Puxi,35.2125,114.735,China
Zijinglu,34.7513,112.9854,China
Xiashi,30.5333,120.6833,China
Trabzon,41.005,39.7225,Turkey
Joao Pessoa,-7.0833,-34.8333,Brazil
Dongyang,29.2785,120.2282,China
McAllen,26.2273,-98.2471,United States
Valencia,39.4667,-0.375,Spain
Qingping,34.538,113.3796,China
Niigata,37.9161,139.0364,Japan
Hamamatsu,34.7167,137.7333,Japan
Morelia,19.7683,-101.1894,Mexico
Pasig City,14.575,121.0833,Philippines
Moradabad,28.8418,78.7568,India
Culiacan,24.8069,-107.3939,Mexico
Xiangxiang,27.7389,112.5223,China
Malang,-7.98,112.62,Indonesia
Xingyi,25.091,104.9011,China
Chaohucun,31.6783,117.7353,China
Fuyang,30.0533,119.9519,China
Antipolo,14.5842,121.1763,Philippines
Nottingham,52.95,-1.15,United Kingdom
Cencheng,22.9297,111.0186,China
Krakow,50.0614,19.9372,Poland
Hempstead,40.6629,-73.6089,United States
Erzurum,39.9097,41.2756,Turkey
Al `Ayn,24.2075,55.7447,United Arab Emirates
Songzi,30.1772,111.7732,China
Laixi,36.8667,120.5333,China
Zhongba,31.7761,104.7406,China
Qingnian,36.8494,115.7061,China
Albuquerque,35.1053,-106.6464,United States
Kaduna,10.5231,7.4403,Nigeria
Tlalnepantla,19.5367,-99.1947,Mexico
Xinhualu,34.3962,113.7249,China
Guangshui,31.6189,113.8229,China
Frankfurt,50.1136,8.6797,Germany
Samarinda,-0.5022,117.1536,Indonesia
Changhua,24.0667,120.5333,Taiwan
Pietermaritzburg,-29.5833,30.4167,South Africa
Hungnam,39.8231,127.6232,"Korea, North"
Kolhapur,16.7,74.2333,India
Ciudad Guayana,8.3596,-62.6517,Venezuela
Cucuta,7.9075,-72.5047,Colombia
Licheng,31.4174,119.4786,China
Thiruvananthapuram,8.5,76.8997,India
Tyumen,57.15,65.5333,Russia
San Cristobal,7.7682,-72.2322,Venezuela
Zaporizhzhia,47.8378,35.1383,Ukraine
Cancun,21.1606,-86.8475,Mexico
Kumamoto,32.8031,130.7078,Japan
Chengguan,35.4599,113.7975,China
Nehe,48.48,124.8738,China
Sokoto,13.0622,5.2339,Nigeria
Birmingham,33.5277,-86.7987,United States
Zunhua,40.1881,117.9593,China
Orumiyeh,37.55,45.1,Iran
Oyo,7.8333,3.9333,Nigeria
Wugang,26.7345,110.6293,China
Shuangqiao,35.0833,112.5833,China
Rennes,48.1147,-1.6794,France
Sizhan,39.0099,106.3694,China
Langzhong,31.5833,105.972,China
Bristol,51.45,-2.5833,United Kingdom
Qian'an,40.0059,118.6973,China
Lviv,49.8419,24.0315,Ukraine
Zouping,36.8625,117.7424,China
Bremen,53.1153,8.7975,Germany
Reynosa,26.0922,-98.2778,Mexico
An Najaf,32.029,44.3396,Iraq
Sagamihara,35.5667,139.3667,Japan
Guli,28.9008,120.0284,China
Sarasota,27.3386,-82.5431,United States
Okayama,34.65,133.9167,Japan
Mississauga,43.6,-79.65,Canada
Lingbao Chengguanzhen,34.5221,110.8786,China
Anlu,31.2575,113.6783,China
Wusong,30.9333,117.7667,China
Dayton,39.7797,-84.1998,United States
Enugu,6.4403,7.4942,Nigeria
George Town,5.4145,100.3292,Malaysia
Jaboatao,-8.1803,-35.0014,Brazil
Santo Andre,-23.6572,-46.5333,Brazil
Xichang,27.8983,102.2706,China
Soledad,10.92,-74.77,Colombia
Chengxiang,31.4515,121.1043,China
Tolyatti,53.5167,49.4167,Russia
Saharanpur,29.964,77.546,India
Warangal,17.9756,79.6011,India
Osasco,-23.5328,-46.7919,Brazil
Dashiqiao,40.6328,122.5021,China
Latakia,35.5236,35.7917,Syria
Rochester,43.168,-77.6162,United States
Fresno,36.7831,-119.7941,United States
Banjarmasin,-3.3333,114.5833,Indonesia
Salem,11.65,78.1667,India
Changsha,22.3762,112.6877,China
Grenoble,45.1715,5.7224,France
Shishi,24.7355,118.6434,China
Guadalupe,25.6775,-100.2597,Mexico
Aracaju,-10.9111,-37.0717,Brazil
Bauchi,10.3158,9.8442,Nigeria
Hamilton,43.2567,-79.8692,Canada
Lodz,51.7769,19.4547,Poland
Miluo Chengguanzhen,28.8049,113.0745,China
Gaizhou,40.4019,122.3499,China
Shizuoka,34.9756,138.3825,Japan
Malegaon,20.55,74.55,India
Karbala',32.6167,44.0333,Iraq
Leling,37.7333,117.2167,China
Sao Jose dos Campos,-23.1789,-45.8869,Brazil
Jianshe,34.2189,113.7693,China
Acapulco de Juarez,16.8636,-99.8825,Mexico
Sheffield,53.3833,-1.4667,United Kingdom
Jingcheng,32.0058,120.2547,China
City of Paranaque,14.4667,121.0167,Philippines
Kochi,9.9667,76.2833,India
Allentown,40.5961,-75.4756,United States
Bahawalpur,29.3956,71.6722,Pakistan
Tasikmalaya,-7.3333,108.2,Indonesia
Macau,22.203,113.545,Macau
Torreon,25.5394,-103.4486,Mexico
Xinmin,41.9952,122.8224,China
Shanhu,29.5908,120.8176,China
Zhongshu,27.8116,106.4133,China
Xigaze,29.2649,88.8799,China
Gold Coast,-28.0167,153.4,Australia
Palermo,38.1157,13.3613,Italy
Cagayan de Oro,8.4833,124.65,Philippines
Gorakhpur,26.7611,83.3667,India
Pinghu,30.7005,121.0104,China
Guankou,30.9933,103.624,China
Tulsa,36.1284,-95.9042,United States
Yatou,37.1653,122.4867,China
Songyang,34.4161,113.0424,China
Cape Coral,26.6446,-81.9956,United States
Ch'ongjin,41.8,129.7831,"Korea, North"
Sao Jose dos Pinhais,-25.57,-49.18,Brazil
Puyang Chengguanzhen,35.7004,114.98,China
Qionghu,28.8417,112.3595,China
Yanshi Chengguanzhen,34.723,112.7796,China
Ribeirao Preto,-21.1783,-47.8067,Brazil
Dasmarinas,14.3294,120.9367,Philippines
Huambo,-12.7667,15.7333,Angola
Wenchang,31.054,116.9507,China
Shulan,44.4167,126.95,China
Catia La Mar,10.6,-67.0333,Venezuela
Bouake,7.6833,-5.0331,Côte D’Ivoire
As Sulaymaniyah,35.55,45.4333,Iraq
Hwasu-dong,37.2,126.7667,"Korea, South"
Jeonju,35.8219,127.1489,"Korea, South"
Durango,24.0167,-104.6667,Mexico
Shimoga,13.9304,75.56,India
Ansan,37.3236,126.8219,"Korea, South"
Bulawayo,-20.1667,28.5667,Zimbabwe
Xiping,25.6005,103.8166,China
Sanhe,39.9808,117.0701,China
Guntur,16.3,80.45,India
Dali,25.7003,100.1564,China
Concord,37.9722,-122.0016,United States
Tiruppur,11.1075,77.3398,India
Ch'onan,36.8064,127.1522,"Korea, South"
Zaragoza,41.6483,-0.883,Spain
Izhevsk,56.85,53.2167,Russia
Guixi,28.2861,117.2083,China
Honcho,35.6947,139.9825,Japan
Sorocaba,-23.5019,-47.4578,Brazil
Villahermosa,17.9892,-92.9281,Mexico
Petaling Jaya,3.1073,101.6067,Malaysia
Wuxue,29.8518,115.5539,China
Utrecht,52.1003,5.12,Netherlands
Kikwit,-5.0333,18.8167,Congo (Kinshasa)
Colorado Springs,38.8674,-104.7606,United States
Valenzuela,14.7,120.9833,Philippines
Gaobeidian,39.3257,115.8678,China
Qufu,35.6,116.9833,China
Ruiming,25.8833,116.0333,China
Wroclaw,51.1077,17.0353,Poland
Rasht,37.2833,49.6,Iran
Nantes,47.2181,-1.5528,France
Stuttgart,48.7761,9.1775,Germany
Al Hufuf,25.3608,49.5997,Saudi Arabia
Xinshi,31.0236,113.1079,China
Cochabamba,-17.3935,-66.157,Bolivia
Barnaul,53.3567,83.7872,Russia
Tripoli,34.4333,35.8333,Lebanon
Jin'e,29.3395,105.2868,China
Benghazi,32.1167,20.0667,Libya
Kryvyy Rih,47.9086,33.3433,Ukraine
Yanggok,37.6367,127.2142,"Korea, South"
Changping,40.2248,116.1944,China
Raurkela,22.2492,84.8828,India
Halwan,29.8419,31.3342,Egypt
Charleston,32.8153,-79.9628,United States
Chimalhuacan,19.4167,-98.9,Mexico
Xinxing,39.8734,124.1453,China
Suohe,34.7879,113.392,China
Mangalore,12.8703,74.8806,India
Zhuangyuan,37.3,120.8333,China
Ulyanovsk,54.3167,48.3667,Russia
Irkutsk,52.2833,104.3,Russia
Nanded,19.15,77.3333,India
Bacoor,14.4624,120.9645,Philippines
Pontianak,-0.0206,109.3414,Indonesia
Bazhou,39.1235,116.386,China
Springfield,42.1155,-72.5395,United States
Turpan,42.95,89.1822,China
Dusseldorf,51.2311,6.7724,Germany
Xingtai,37.0659,114.4753,China
Meihekou,42.5279,125.678,China
Jurong,31.9579,119.1595,China
Zhugang,28.1277,121.2288,China
Khabarovsk,48.4833,135.0667,Russia
Xinji,37.9423,115.2118,China
Hamhung,39.9167,127.5333,"Korea, North"
Serang,-6.12,106.1503,Indonesia
Buraydah,26.3333,43.9667,Saudi Arabia
Ta`izz,13.5789,44.0219,Yemen
Montpellier,43.6119,3.8772,France
San Miguel de Tucuman,-26.8167,-65.2167,Argentina
Yaroslavl,57.6167,39.85,Russia
Zhangshu,28.0667,115.5375,China
Grand Rapids,42.962,-85.6562,United States
Vladivostok,43.1167,131.9,Russia
Kuantan,3.8167,103.3333,Malaysia
Cuttack,20.45,85.8667,India
Jambi,-1.59,103.61,Indonesia
Zhuozhou,39.4887,115.9918,China
Uberlandia,-18.9189,-48.2769,Brazil
Gothenburg,57.6717,11.981,Sweden
Tianchang,32.6853,119.0041,China
Canoas,-29.92,-51.18,Brazil
Sargodha,32.0836,72.6711,Pakistan
Las Pinas City,14.45,120.9833,Philippines
Cimahi,-6.8833,107.5333,Indonesia
Kawaguchi,35.8078,139.7242,Japan
Tuxtla,16.7528,-93.1167,Mexico
Balikpapan,-1.1489,116.9031,Indonesia
Qamdo,31.1375,97.1777,China
Durban,-29.8583,31.025,South Africa
Kagoshima,31.58,130.5281,Japan
General Santos,6.1167,125.1667,Philippines
Chanda,19.95,79.3,India
Al Hillah,23.4895,46.7564,Saudi Arabia
Makhachkala,42.9833,47.4833,Russia
Mar del Plata,-38,-57.55,Argentina
Brampton,43.6833,-79.7667,Canada
Luocheng,30.9793,104.28,China
Mission Viejo,33.6095,-117.655,United States
Dortmund,51.5139,7.4653,Germany
Chuxiong,25.0461,101.5436,China
Makati City,14.55,121.0333,Philippines
Albany,42.6664,-73.7987,United States
Shah Alam,3.0833,101.5333,Malaysia
Knoxville,35.9692,-83.9496,United States
Essen,51.4508,7.0131,Germany
Cuiaba,-15.5958,-56.0969,Brazil
Shangzhi,45.2116,127.962,China
Botou,38.06,116.56,China
Bucaramanga,7.1186,-73.1161,Colombia
Anyang,37.3925,126.9269,"Korea, South"
Genoa,44.4072,8.934,Italy
Kuiju,36.8528,119.3904,China
Tlaquepaque,20.6167,-103.3167,Mexico
Hachioji,35.6667,139.3167,Japan
Dehra Dun,30.318,78.029,India
At Ta'if,21.2667,40.4167,Saudi Arabia
San Jose del Monte,14.8139,121.0453,Philippines
Bakersfield,35.3529,-119.0359,United States
Ogden,41.2278,-111.9682,United States
Xiulin,29.7211,112.4037,China
Fu'an,27.1,119.6333,China
Malaga,36.7167,-4.4167,Spain
Tomsk,56.4886,84.9522,Russia
Kerman,30.2833,57.0667,Iran
Kingston upon Hull,53.7444,-0.3325,United Kingdom
Al Mahallah al Kubra,30.9667,31.1667,Egypt
Luofeng,37.359,120.396,China
Lingyuan,41.2407,119.3957,China
Baton Rouge,30.4418,-91.131,United States
Pereira,4.8104,-75.68,Colombia
Ciudad Bolivar,8.1167,-63.55,Venezuela
Durgapur,23.55,87.32,India
Orenburg,51.7667,55.1,Russia
Shenzhou,38.0005,115.5541,China
Asansol,23.6833,86.9667,India
Bacolod,10.6765,122.9509,Philippines
Akron,41.0798,-81.5219,United States
New Haven,41.3112,-72.9246,United States
Zhenzhou,32.2739,119.1619,China
Surakarta,-7.5667,110.8167,Indonesia
Tlajomulco de Zuniga,20.4736,-103.4431,Mexico
Jieshou,33.2605,115.3618,China
Lanxi,29.2167,119.4722,China
Zahedan,29.4833,60.8667,Iran
Dangyang,30.8258,111.791,China
Columbia,34.0376,-80.9037,United States
Kemerovo,55.3333,86.0667,Russia
Dresden,51.0493,13.7384,Germany
Uyo,5.008,7.85,Nigeria
Bhavnagar,21.765,72.1369,India
Luanzhou,39.7396,118.6978,China
Veracruz,19.1903,-96.1533,Mexico
Novokuznetsk,53.75,87.1167,Russia
Nellore,14.4333,79.9667,India
Chiclayo,-6.763,-79.8366,Peru
Al Hudaydah,14.8022,42.9511,Yemen
Eslamshahr,35.5333,51.2,Iran
Cabinda,-5.55,12.2,Angola
Amravati,20.9333,77.75,India
Korla,41.7646,86.1527,China
Huanghua,38.371,117.3329,China
Xingcheng,40.6189,120.7205,China
Wancheng,18.8,110.4,China
Kaiyuan,42.538,124.0371,China
Leipzig,51.35,12.3833,Germany
Fengcheng,40.4543,124.0646,China
Ajmer,26.468,74.639,India
Sihui,23.3448,112.6956,China
Tinnevelly,8.7289,77.7081,India
Fuding,27.2,120.2,China
Maturin,9.7457,-63.1832,Venezuela
An Nasiriyah,31.0539,46.2503,Iraq
Al Hillah,32.4833,44.4333,Iraq
Ibague,4.4378,-75.2006,Colombia
Hannover,52.3744,9.7386,Germany
Poznan,52.4,16.9167,Poland
Ryazan,54.6167,39.7167,Russia
Panshi,42.9392,126.0561,China
Kassala,15.45,36.4,Sudan
Chang'an,29.4761,113.448,China
Wencheng,19.6167,110.75,China
Shashi,30.32,112.23,China
Aksu,41.1664,80.25,China
Salta,-24.7883,-65.4106,Argentina
Kimhae,35.2342,128.8811,"Korea, South"
Astrakhan,46.3333,48.0167,Russia
Mingguang,32.7816,117.9899,China
Naberezhnyye Chelny,55.7,52.3333,Russia
Antwerp,51.2211,4.3997,Belgium
Bikaner,28.0181,73.3169,India
Agartala,23.8333,91.2667,India
Xalapa,19.54,-96.9275,Mexico
Ndola,-12.9683,28.6337,Zambia
Hamadan,34.8065,48.5162,Iran
Villavicencio,4.1425,-73.6294,Colombia
Ailan Mubage,43.9167,81.3167,China
Ensenada,31.8578,-116.6058,Mexico
Lyon,45.76,4.84,France
Bac Ninh,21.1861,106.0763,Vietnam
Ciudad Apodaca,25.7833,-100.1833,Mexico
Santa Teresa del Tuy,10.2333,-66.65,Venezuela
Londrina,-23.3,-51.18,Brazil
Penza,53.2,45,Russia
Heroica Matamoros,25.8797,-97.5042,Mexico
Port Said,31.25,32.2833,Egypt
New Mirpur,33.1333,73.75,Pakistan
Yucheng,36.9329,116.6403,China
Bello,6.33,-75.57,Colombia
Meknes,33.8833,-5.55,Morocco
Nuremberg,49.4528,11.0778,Germany
Pohang,36.0322,129.365,"Korea, South"
Utsunomiya,36.55,139.8833,Japan
Anda,46.4078,125.3252,China
Jinghong,22.0057,100.7948,China
Liaoyuan,42.8976,125.1381,China
Mesa,33.4017,-111.718,United States
Surrey,49.19,-122.8489,Canada
Cuautitlan Izcalli,19.65,-99.25,Mexico
Ujjain,23.1828,75.7772,India
Santa Marta,11.2361,-74.2017,Colombia
Beining,41.5933,121.7932,China
Hai Duong,20.9411,106.3331,Vietnam
Carrefour,18.5333,-72.4,Haiti
Homyel',52.4417,30.9833,Belarus
Leicester,52.6333,-1.1333,United Kingdom
Yanji,42.9044,129.5067,China
Benguela,-12.55,13.4167,Angola
Yicheng,31.7117,112.2551,China
Tabuk,28.3972,36.5789,Saudi Arabia
Lipetsk,52.6167,39.6,Russia
Ulhasnagar,19.2167,73.15,India
Matsuyama,33.8333,132.7667,Japan
Muntinlupa City,14.3833,121.05,Philippines
Kashgar,39.45,75.9833,China
Linghai,41.1676,121.3558,China
Aden,12.8,45.0333,Yemen
Jhansi,25.4486,78.5696,India
Kitwe,-12.8208,28.2119,Zambia
Aba,5.1167,7.3667,Nigeria
Palm Bay,27.955,-80.6627,United States
Pingtung,22.6761,120.4942,Taiwan
Samarkand,39.6542,66.9597,Uzbekistan
Davangere,14.4667,75.9167,India
Jammu,32.7333,74.85,India
Mazatlan,23.22,-106.42,Mexico
Ile-Ife,7.4667,4.5667,Nigeria
Kirov,58.6,49.65,Russia
Madinat as Sadis min Uktubar,29.9361,30.9269,Egypt
Qaraghandy,49.8,73.1167,Kazakhstan
Mazatan,29.0167,-110.1333,Mexico
Provo,40.2457,-111.6457,United States
Meicheng,30.6412,116.5689,China
